.,.,,txt
boost,boost,,hpp
boost/compatibility,boost/compatibility,,hpp
boost/compatibility/cpp_c_headers,boost/compatibility/cpp_c_headers,,hpp
boost/fusion,boost/fusion,,hpp
boost/fusion/tuple,boost/fusion/tuple,,hpp
boost/fusion/tuple/detail,boost/fusion/tuple/detail,,hpp
boost/fusion/tuple/detail/preprocessed,boost/fusion/tuple/detail/preprocessed,,hpp
boost/fusion/include,boost/fusion/include,,hpp
boost/fusion/algorithm,boost/fusion/algorithm,,hpp
boost/fusion/algorithm/transformation,boost/fusion/algorithm/transformation,,hpp
boost/fusion/algorithm/transformation/detail,boost/fusion/algorithm/transformation/detail,,hpp
boost/fusion/algorithm/transformation/detail/preprocessed,boost/fusion/algorithm/transformation/detail/preprocessed,,hpp
boost/fusion/algorithm/iteration,boost/fusion/algorithm/iteration,,hpp
boost/fusion/algorithm/iteration/detail,boost/fusion/algorithm/iteration/detail,,hpp
boost/fusion/algorithm/iteration/detail/preprocessed,boost/fusion/algorithm/iteration/detail/preprocessed,,hpp
boost/fusion/algorithm/query,boost/fusion/algorithm/query,,hpp
boost/fusion/algorithm/query/detail,boost/fusion/algorithm/query/detail,,hpp
boost/fusion/algorithm/auxiliary,boost/fusion/algorithm/auxiliary,,hpp
boost/fusion/container,boost/fusion/container,,hpp
boost/fusion/container/deque,boost/fusion/container/deque,,hpp
boost/fusion/container/deque/detail,boost/fusion/container/deque/detail,,hpp
boost/fusion/container/deque/detail/cpp03,boost/fusion/container/deque/detail/cpp03,,hpp
boost/fusion/container/deque/detail/cpp03/preprocessed,boost/fusion/container/deque/detail/cpp03/preprocessed,,hpp
boost/fusion/container/map,boost/fusion/container/map,,hpp
boost/fusion/container/map/detail,boost/fusion/container/map/detail,,hpp
boost/fusion/container/map/detail/cpp03,boost/fusion/container/map/detail/cpp03,,hpp
boost/fusion/container/map/detail/cpp03/preprocessed,boost/fusion/container/map/detail/cpp03/preprocessed,,hpp
boost/fusion/container/list,boost/fusion/container/list,,hpp
boost/fusion/container/list/detail,boost/fusion/container/list/detail,,hpp
boost/fusion/container/list/detail/cpp03,boost/fusion/container/list/detail/cpp03,,hpp
boost/fusion/container/list/detail/cpp03/preprocessed,boost/fusion/container/list/detail/cpp03/preprocessed,,hpp
boost/fusion/container/set,boost/fusion/container/set,,hpp
boost/fusion/container/set/detail,boost/fusion/container/set/detail,,hpp
boost/fusion/container/set/detail/cpp03,boost/fusion/container/set/detail/cpp03,,hpp
boost/fusion/container/set/detail/cpp03/preprocessed,boost/fusion/container/set/detail/cpp03/preprocessed,,hpp
boost/fusion/container/vector,boost/fusion/container/vector,,hpp
boost/fusion/container/vector/detail,boost/fusion/container/vector/detail,,hpp
boost/fusion/container/vector/detail/cpp03,boost/fusion/container/vector/detail/cpp03,,hpp
boost/fusion/container/vector/detail/cpp03/preprocessed,boost/fusion/container/vector/detail/cpp03/preprocessed,,hpp
boost/fusion/container/generation,boost/fusion/container/generation,,hpp
boost/fusion/container/generation/detail,boost/fusion/container/generation/detail,,hpp
boost/fusion/container/generation/detail/preprocessed,boost/fusion/container/generation/detail/preprocessed,,hpp
boost/fusion/iterator,boost/fusion/iterator,,hpp
boost/fusion/iterator/detail,boost/fusion/iterator/detail,,hpp
boost/fusion/iterator/mpl,boost/fusion/iterator/mpl,,hpp
boost/fusion/support,boost/fusion/support,,hpp
boost/fusion/support/detail,boost/fusion/support/detail,,hpp
boost/fusion/mpl,boost/fusion/mpl,,hpp
boost/fusion/mpl/detail,boost/fusion/mpl/detail,,hpp
boost/fusion/view,boost/fusion/view,,hpp
boost/fusion/view/joint_view,boost/fusion/view/joint_view,,hpp
boost/fusion/view/joint_view/detail,boost/fusion/view/joint_view/detail,,hpp
boost/fusion/view/iterator_range,boost/fusion/view/iterator_range,,hpp
boost/fusion/view/iterator_range/detail,boost/fusion/view/iterator_range/detail,,hpp
boost/fusion/view/filter_view,boost/fusion/view/filter_view,,hpp
boost/fusion/view/filter_view/detail,boost/fusion/view/filter_view/detail,,hpp
boost/fusion/view/transform_view,boost/fusion/view/transform_view,,hpp
boost/fusion/view/transform_view/detail,boost/fusion/view/transform_view/detail,,hpp
boost/fusion/view/detail,boost/fusion/view/detail,,hpp
boost/fusion/view/single_view,boost/fusion/view/single_view,,hpp
boost/fusion/view/single_view/detail,boost/fusion/view/single_view/detail,,hpp
boost/fusion/view/repetitive_view,boost/fusion/view/repetitive_view,,hpp
boost/fusion/view/repetitive_view/detail,boost/fusion/view/repetitive_view/detail,,hpp
boost/fusion/view/nview,boost/fusion/view/nview,,hpp
boost/fusion/view/nview/detail,boost/fusion/view/nview/detail,,hpp
boost/fusion/view/nview/detail/cpp03,boost/fusion/view/nview/detail/cpp03,,hpp
boost/fusion/view/zip_view,boost/fusion/view/zip_view,,hpp
boost/fusion/view/zip_view/detail,boost/fusion/view/zip_view/detail,,hpp
boost/fusion/view/flatten_view,boost/fusion/view/flatten_view,,hpp
boost/fusion/view/reverse_view,boost/fusion/view/reverse_view,,hpp
boost/fusion/view/reverse_view/detail,boost/fusion/view/reverse_view/detail,,hpp
boost/fusion/sequence,boost/fusion/sequence,,hpp
boost/fusion/sequence/io,boost/fusion/sequence/io,,hpp
boost/fusion/sequence/io/detail,boost/fusion/sequence/io/detail,,hpp
boost/fusion/sequence/intrinsic,boost/fusion/sequence/intrinsic,,hpp
boost/fusion/sequence/intrinsic/detail,boost/fusion/sequence/intrinsic/detail,,hpp
boost/fusion/sequence/comparison,boost/fusion/sequence/comparison,,hpp
boost/fusion/sequence/comparison/detail,boost/fusion/sequence/comparison/detail,,hpp
boost/fusion/functional,boost/fusion/functional,,hpp
boost/fusion/functional/invocation,boost/fusion/functional/invocation,,hpp
boost/fusion/functional/invocation/detail,boost/fusion/functional/invocation/detail,,hpp
boost/fusion/functional/adapter,boost/fusion/functional/adapter,,hpp
boost/fusion/functional/adapter/detail,boost/fusion/functional/adapter/detail,,hpp
boost/fusion/functional/generation,boost/fusion/functional/generation,,hpp
boost/fusion/functional/generation/detail,boost/fusion/functional/generation/detail,,hpp
boost/fusion/adapted,boost/fusion/adapted,,hpp
boost/fusion/adapted/adt,boost/fusion/adapted/adt,,hpp
boost/fusion/adapted/adt/detail,boost/fusion/adapted/adt/detail,,hpp
boost/fusion/adapted/array,boost/fusion/adapted/array,,hpp
boost/fusion/adapted/struct,boost/fusion/adapted/struct,,hpp
boost/fusion/adapted/struct/detail,boost/fusion/adapted/struct/detail,,hpp
boost/fusion/adapted/struct/detail/preprocessor,boost/fusion/adapted/struct/detail/preprocessor,,hpp
boost/fusion/adapted/boost_array,boost/fusion/adapted/boost_array,,hpp
boost/fusion/adapted/boost_array/detail,boost/fusion/adapted/boost_array/detail,,hpp
boost/fusion/adapted/boost_tuple,boost/fusion/adapted/boost_tuple,,hpp
boost/fusion/adapted/boost_tuple/detail,boost/fusion/adapted/boost_tuple/detail,,hpp
boost/fusion/adapted/boost_tuple/mpl,boost/fusion/adapted/boost_tuple/mpl,,hpp
boost/fusion/adapted/std_tuple,boost/fusion/adapted/std_tuple,,hpp
boost/fusion/adapted/std_tuple/detail,boost/fusion/adapted/std_tuple/detail,,hpp
boost/fusion/adapted/std_tuple/mpl,boost/fusion/adapted/std_tuple/mpl,,hpp
boost/fusion/adapted/std_array,boost/fusion/adapted/std_array,,hpp
boost/fusion/adapted/std_array/detail,boost/fusion/adapted/std_array/detail,,hpp
boost/fusion/adapted/mpl,boost/fusion/adapted/mpl,,hpp
boost/fusion/adapted/mpl/detail,boost/fusion/adapted/mpl/detail,,hpp
boost/qvm,boost/qvm,,hpp
boost/qvm/gen,boost/qvm/gen,,hpp
boost/qvm/detail,boost/qvm/detail,,hpp
boost/move,boost/move,,hpp
boost/move/algo,boost/move/algo,,hpp
boost/move/algo/detail,boost/move/algo/detail,,hpp
boost/move/detail,boost/move/detail,,hpp
boost/circular_buffer,boost/circular_buffer,,hpp
boost/spirit,boost/spirit,,hpp
boost/spirit/home,boost/spirit/home,,hpp
boost/spirit/home/lex,boost/spirit/home/lex,,hpp
boost/spirit/home/lex/lexer,boost/spirit/home/lex/lexer,,hpp
boost/spirit/home/lex/lexer/lexertl,boost/spirit/home/lex/lexer/lexertl,,hpp
boost/spirit/home/lex/qi,boost/spirit/home/lex/qi,,hpp
boost/spirit/home/lex/detail,boost/spirit/home/lex/detail,,hpp
boost/spirit/home/classic,boost/spirit/home/classic,,hpp
boost/spirit/home/classic/tree,boost/spirit/home/classic/tree,,hpp
boost/spirit/home/classic/tree/impl,boost/spirit/home/classic/tree/impl,,hpp
boost/spirit/home/classic/dynamic,boost/spirit/home/classic/dynamic,,hpp
boost/spirit/home/classic/dynamic/impl,boost/spirit/home/classic/dynamic/impl,,hpp
boost/spirit/home/classic/core,boost/spirit/home/classic/core,,hpp
boost/spirit/home/classic/core/impl,boost/spirit/home/classic/core/impl,,hpp
boost/spirit/home/classic/core/non_terminal,boost/spirit/home/classic/core/non_terminal,,hpp
boost/spirit/home/classic/core/non_terminal/impl,boost/spirit/home/classic/core/non_terminal/impl,,hpp
boost/spirit/home/classic/core/composite,boost/spirit/home/classic/core/composite,,hpp
boost/spirit/home/classic/core/composite/impl,boost/spirit/home/classic/core/composite/impl,,hpp
boost/spirit/home/classic/core/primitives,boost/spirit/home/classic/core/primitives,,hpp
boost/spirit/home/classic/core/primitives/impl,boost/spirit/home/classic/core/primitives/impl,,hpp
boost/spirit/home/classic/core/scanner,boost/spirit/home/classic/core/scanner,,hpp
boost/spirit/home/classic/core/scanner/impl,boost/spirit/home/classic/core/scanner/impl,,hpp
boost/spirit/home/classic/attribute,boost/spirit/home/classic/attribute,,hpp
boost/spirit/home/classic/phoenix,boost/spirit/home/classic/phoenix,,hpp
boost/spirit/home/classic/meta,boost/spirit/home/classic/meta,,hpp
boost/spirit/home/classic/meta/impl,boost/spirit/home/classic/meta/impl,,hpp
boost/spirit/home/classic/error_handling,boost/spirit/home/classic/error_handling,,hpp
boost/spirit/home/classic/error_handling/impl,boost/spirit/home/classic/error_handling/impl,,hpp
boost/spirit/home/classic/iterator,boost/spirit/home/classic/iterator,,hpp
boost/spirit/home/classic/iterator/impl,boost/spirit/home/classic/iterator/impl,,hpp
boost/spirit/home/classic/symbols,boost/spirit/home/classic/symbols,,hpp
boost/spirit/home/classic/symbols/impl,boost/spirit/home/classic/symbols/impl,,hpp
boost/spirit/home/classic/actor,boost/spirit/home/classic/actor,,hpp
boost/spirit/home/classic/debug,boost/spirit/home/classic/debug,,hpp
boost/spirit/home/classic/debug/impl,boost/spirit/home/classic/debug/impl,,hpp
boost/spirit/home/classic/utility,boost/spirit/home/classic/utility,,hpp
boost/spirit/home/classic/utility/impl,boost/spirit/home/classic/utility/impl,,hpp
boost/spirit/home/classic/utility/impl/chset,boost/spirit/home/classic/utility/impl/chset,,hpp
boost/spirit/home/qi,boost/spirit/home/qi,,hpp
boost/spirit/home/qi/nonterminal,boost/spirit/home/qi/nonterminal,,hpp
boost/spirit/home/qi/nonterminal/detail,boost/spirit/home/qi/nonterminal/detail,,hpp
boost/spirit/home/qi/char,boost/spirit/home/qi/char,,hpp
boost/spirit/home/qi/auto,boost/spirit/home/qi/auto,,hpp
boost/spirit/home/qi/stream,boost/spirit/home/qi/stream,,hpp
boost/spirit/home/qi/stream/detail,boost/spirit/home/qi/stream/detail,,hpp
boost/spirit/home/qi/action,boost/spirit/home/qi/action,,hpp
boost/spirit/home/qi/numeric,boost/spirit/home/qi/numeric,,hpp
boost/spirit/home/qi/numeric/detail,boost/spirit/home/qi/numeric/detail,,hpp
boost/spirit/home/qi/directive,boost/spirit/home/qi/directive,,hpp
boost/spirit/home/qi/detail,boost/spirit/home/qi/detail,,hpp
boost/spirit/home/qi/binary,boost/spirit/home/qi/binary,,hpp
boost/spirit/home/qi/string,boost/spirit/home/qi/string,,hpp
boost/spirit/home/qi/string/detail,boost/spirit/home/qi/string/detail,,hpp
boost/spirit/home/qi/operator,boost/spirit/home/qi/operator,,hpp
boost/spirit/home/qi/auxiliary,boost/spirit/home/qi/auxiliary,,hpp
boost/spirit/home/karma,boost/spirit/home/karma,,hpp
boost/spirit/home/karma/nonterminal,boost/spirit/home/karma/nonterminal,,hpp
boost/spirit/home/karma/nonterminal/detail,boost/spirit/home/karma/nonterminal/detail,,hpp
boost/spirit/home/karma/char,boost/spirit/home/karma/char,,hpp
boost/spirit/home/karma/auto,boost/spirit/home/karma/auto,,hpp
boost/spirit/home/karma/stream,boost/spirit/home/karma/stream,,hpp
boost/spirit/home/karma/stream/detail,boost/spirit/home/karma/stream/detail,,hpp
boost/spirit/home/karma/action,boost/spirit/home/karma/action,,hpp
boost/spirit/home/karma/numeric,boost/spirit/home/karma/numeric,,hpp
boost/spirit/home/karma/numeric/detail,boost/spirit/home/karma/numeric/detail,,hpp
boost/spirit/home/karma/directive,boost/spirit/home/karma/directive,,hpp
boost/spirit/home/karma/detail,boost/spirit/home/karma/detail,,hpp
boost/spirit/home/karma/binary,boost/spirit/home/karma/binary,,hpp
boost/spirit/home/karma/string,boost/spirit/home/karma/string,,hpp
boost/spirit/home/karma/operator,boost/spirit/home/karma/operator,,hpp
boost/spirit/home/karma/auxiliary,boost/spirit/home/karma/auxiliary,,hpp
boost/spirit/home/support,boost/spirit/home/support,,hpp
boost/spirit/home/support/nonterminal,boost/spirit/home/support/nonterminal,,hpp
boost/spirit/home/support/auto,boost/spirit/home/support/auto,,hpp
boost/spirit/home/support/char_encoding,boost/spirit/home/support/char_encoding,,hpp
boost/spirit/home/support/char_encoding/unicode,boost/spirit/home/support/char_encoding/unicode,,hpp
boost/spirit/home/support/algorithm,boost/spirit/home/support/algorithm,,hpp
boost/spirit/home/support/utree,boost/spirit/home/support/utree,,hpp
boost/spirit/home/support/utree/detail,boost/spirit/home/support/utree/detail,,hpp
boost/spirit/home/support/char_set,boost/spirit/home/support/char_set,,hpp
boost/spirit/home/support/detail,boost/spirit/home/support/detail,,hpp
boost/spirit/home/support/detail/endian,boost/spirit/home/support/detail/endian,,hpp
boost/spirit/home/support/detail/lexer,boost/spirit/home/support/detail/lexer,,hpp
boost/spirit/home/support/detail/lexer/parser,boost/spirit/home/support/detail/lexer/parser,,hpp
boost/spirit/home/support/detail/lexer/parser/tokeniser,boost/spirit/home/support/detail/lexer/parser/tokeniser,,hpp
boost/spirit/home/support/detail/lexer/parser/tree,boost/spirit/home/support/detail/lexer/parser/tree,,hpp
boost/spirit/home/support/detail/lexer/conversion,boost/spirit/home/support/detail/lexer/conversion,,hpp
boost/spirit/home/support/detail/lexer/containers,boost/spirit/home/support/detail/lexer/containers,,hpp
boost/spirit/home/support/detail/lexer/partition,boost/spirit/home/support/detail/lexer/partition,,hpp
boost/spirit/home/support/detail/math,boost/spirit/home/support/detail/math,,hpp
boost/spirit/home/support/detail/math/detail,boost/spirit/home/support/detail/math/detail,,hpp
boost/spirit/home/support/iterators,boost/spirit/home/support/iterators,,hpp
boost/spirit/home/support/iterators/detail,boost/spirit/home/support/iterators/detail,,hpp
boost/spirit/home/support/auxiliary,boost/spirit/home/support/auxiliary,,hpp
boost/spirit/home/x3,boost/spirit/home/x3,,hpp
boost/spirit/home/x3/nonterminal,boost/spirit/home/x3/nonterminal,,hpp
boost/spirit/home/x3/nonterminal/detail,boost/spirit/home/x3/nonterminal/detail,,hpp
boost/spirit/home/x3/char,boost/spirit/home/x3/char,,hpp
boost/spirit/home/x3/char/detail,boost/spirit/home/x3/char/detail,,hpp
boost/spirit/home/x3/core,boost/spirit/home/x3/core,,hpp
boost/spirit/home/x3/core/detail,boost/spirit/home/x3/core/detail,,hpp
boost/spirit/home/x3/numeric,boost/spirit/home/x3/numeric,,hpp
boost/spirit/home/x3/directive,boost/spirit/home/x3/directive,,hpp
boost/spirit/home/x3/support,boost/spirit/home/x3/support,,hpp
boost/spirit/home/x3/support/traits,boost/spirit/home/x3/support/traits,,hpp
boost/spirit/home/x3/support/numeric_utils,boost/spirit/home/x3/support/numeric_utils,,hpp
boost/spirit/home/x3/support/numeric_utils/detail,boost/spirit/home/x3/support/numeric_utils/detail,,hpp
boost/spirit/home/x3/support/ast,boost/spirit/home/x3/support/ast,,hpp
boost/spirit/home/x3/support/utility,boost/spirit/home/x3/support/utility,,hpp
boost/spirit/home/x3/binary,boost/spirit/home/x3/binary,,hpp
boost/spirit/home/x3/string,boost/spirit/home/x3/string,,hpp
boost/spirit/home/x3/string/detail,boost/spirit/home/x3/string/detail,,hpp
boost/spirit/home/x3/operator,boost/spirit/home/x3/operator,,hpp
boost/spirit/home/x3/operator/detail,boost/spirit/home/x3/operator/detail,,hpp
boost/spirit/home/x3/auxiliary,boost/spirit/home/x3/auxiliary,,hpp
boost/spirit/repository,boost/spirit/repository,,hpp
boost/spirit/repository/home,boost/spirit/repository/home,,hpp
boost/spirit/repository/home/qi,boost/spirit/repository/home/qi,,hpp
boost/spirit/repository/home/qi/nonterminal,boost/spirit/repository/home/qi/nonterminal,,hpp
boost/spirit/repository/home/qi/primitive,boost/spirit/repository/home/qi/primitive,,hpp
boost/spirit/repository/home/qi/directive,boost/spirit/repository/home/qi/directive,,hpp
boost/spirit/repository/home/qi/operator,boost/spirit/repository/home/qi/operator,,hpp
boost/spirit/repository/home/qi/operator/detail,boost/spirit/repository/home/qi/operator/detail,,hpp
boost/spirit/repository/home/karma,boost/spirit/repository/home/karma,,hpp
boost/spirit/repository/home/karma/nonterminal,boost/spirit/repository/home/karma/nonterminal,,hpp
boost/spirit/repository/home/karma/directive,boost/spirit/repository/home/karma/directive,,hpp
boost/spirit/repository/home/support,boost/spirit/repository/home/support,,hpp
boost/spirit/repository/include,boost/spirit/repository/include,,hpp
boost/spirit/include,boost/spirit/include,,hpp
boost/endian,boost/endian,,hpp
boost/endian/detail,boost/endian/detail,,hpp
boost/local_function,boost/local_function,,hpp
boost/local_function/detail,boost/local_function/detail,,hpp
boost/local_function/detail/preprocessor,boost/local_function/detail/preprocessor,,hpp
boost/local_function/detail/preprocessor/keyword,boost/local_function/detail/preprocessor/keyword,,hpp
boost/local_function/detail/preprocessor/keyword/facility,boost/local_function/detail/preprocessor/keyword/facility,,hpp
boost/local_function/aux_,boost/local_function/aux_,,hpp
boost/local_function/aux_/macro,boost/local_function/aux_/macro,,hpp
boost/local_function/aux_/macro/code_,boost/local_function/aux_/macro/code_,,hpp
boost/local_function/aux_/preprocessor,boost/local_function/aux_/preprocessor,,hpp
boost/local_function/aux_/preprocessor/traits,boost/local_function/aux_/preprocessor/traits,,hpp
boost/local_function/aux_/preprocessor/traits/decl_sign_,boost/local_function/aux_/preprocessor/traits/decl_sign_,,hpp
boost/local_function/aux_/preprocessor/traits/decl_sign_/validate_,boost/local_function/aux_/preprocessor/traits/decl_sign_/validate_,,hpp
boost/local_function/aux_/preprocessor/traits/decl_,boost/local_function/aux_/preprocessor/traits/decl_,,hpp
boost/local_function/aux_/preprocessor/traits/decl_/validate_,boost/local_function/aux_/preprocessor/traits/decl_/validate_,,hpp
boost/contract,boost/contract,,hpp
boost/contract/core,boost/contract/core,,hpp
boost/contract/detail,boost/contract/detail,,hpp
boost/contract/detail/operation,boost/contract/detail/operation,,hpp
boost/contract/detail/inlined,boost/contract/detail/inlined,,hpp
boost/contract/detail/inlined/core,boost/contract/detail/inlined/core,,hpp
boost/contract/detail/inlined/detail,boost/contract/detail/inlined/detail,,hpp
boost/contract/detail/type_traits,boost/contract/detail/type_traits,,hpp
boost/contract/detail/condition,boost/contract/detail/condition,,hpp
boost/contract/detail/preprocessor,boost/contract/detail/preprocessor,,hpp
boost/contract/detail/preprocessor/keyword,boost/contract/detail/preprocessor/keyword,,hpp
boost/contract/detail/preprocessor/keyword/utility,boost/contract/detail/preprocessor/keyword/utility,,hpp
boost/beast,boost/beast,,hpp
boost/beast/experimental,boost/beast/experimental,,hpp
boost/beast/experimental/core,boost/beast/experimental/core,,hpp
boost/beast/experimental/core/impl,boost/beast/experimental/core/impl,,hpp
boost/beast/experimental/core/detail,boost/beast/experimental/core/detail,,hpp
boost/beast/experimental/test,boost/beast/experimental/test,,hpp
boost/beast/experimental/test/impl,boost/beast/experimental/test/impl,,hpp
boost/beast/experimental/test/detail,boost/beast/experimental/test/detail,,hpp
boost/beast/experimental/http,boost/beast/experimental/http,,hpp
boost/beast/experimental/http/impl,boost/beast/experimental/http/impl,,hpp
boost/beast/websocket,boost/beast/websocket,,hpp
boost/beast/websocket/impl,boost/beast/websocket/impl,,hpp
boost/beast/websocket/detail,boost/beast/websocket/detail,,hpp
boost/beast/core,boost/beast/core,,hpp
boost/beast/core/impl,boost/beast/core/impl,,hpp
boost/beast/core/detail,boost/beast/core/detail,,hpp
boost/beast/zlib,boost/beast/zlib,,hpp
boost/beast/zlib/impl,boost/beast/zlib/impl,,hpp
boost/beast/zlib/detail,boost/beast/zlib/detail,,hpp
boost/beast/http,boost/beast/http,,hpp
boost/beast/http/impl,boost/beast/http/impl,,hpp
boost/beast/http/detail,boost/beast/http/detail,,hpp
boost/lockfree,boost/lockfree,,hpp
boost/lockfree/detail,boost/lockfree/detail,,hpp
boost/locale,boost/locale,,hpp
boost/locale/boundary,boost/locale/boundary,,hpp
boost/context,boost/context,,hpp
boost/context/posix,boost/context/posix,,hpp
boost/context/detail,boost/context/detail,,hpp
boost/context/windows,boost/context/windows,,hpp
boost/core,boost/core,,hpp
boost/yap,boost/yap,,hpp
boost/yap/detail,boost/yap/detail,,hpp
boost/coroutine,boost/coroutine,,hpp
boost/coroutine/posix,boost/coroutine/posix,,hpp
boost/coroutine/detail,boost/coroutine/detail,,hpp
boost/coroutine/windows,boost/coroutine/windows,,hpp
boost/mpi,boost/mpi,,hpp
boost/mpi/python,boost/mpi/python,,hpp
boost/mpi/detail,boost/mpi/detail,,hpp
boost/mpi/collectives,boost/mpi/collectives,,hpp
boost/proto,boost/proto,,hpp
boost/proto/context,boost/proto/context,,hpp
boost/proto/context/detail,boost/proto/context/detail,,hpp
boost/proto/context/detail/preprocessed,boost/proto/context/detail/preprocessed,,hpp
boost/proto/detail,boost/proto/detail,,hpp
boost/proto/detail/preprocessed,boost/proto/detail/preprocessed,,hpp
boost/proto/transform,boost/proto/transform,,hpp
boost/proto/transform/detail,boost/proto/transform/detail,,hpp
boost/proto/transform/detail/preprocessed,boost/proto/transform/detail/preprocessed,,hpp
boost/proto/functional,boost/proto/functional,,hpp
boost/proto/functional/fusion,boost/proto/functional/fusion,,hpp
boost/proto/functional/std,boost/proto/functional/std,,hpp
boost/proto/functional/range,boost/proto/functional/range,,hpp
boost/archive,boost/archive,,hpp
boost/archive/impl,boost/archive/impl,,hpp
boost/archive/detail,boost/archive/detail,,hpp
boost/archive/iterators,boost/archive/iterators,,hpp
boost/test,boost/test,,hpp
boost/test/impl,boost/test/impl,,hpp
boost/test/tree,boost/test/tree,,hpp
boost/test/tools,boost/test/tools,,hpp
boost/test/tools/old,boost/test/tools/old,,hpp
boost/test/tools/detail,boost/test/tools/detail,,hpp
boost/test/output,boost/test/output,,hpp
boost/test/utils,boost/test/utils,,hpp
boost/test/utils/runtime,boost/test/utils/runtime,,hpp
boost/test/utils/runtime/cla,boost/test/utils/runtime/cla,,hpp
boost/test/utils/runtime/env,boost/test/utils/runtime/env,,hpp
boost/test/utils/iterator,boost/test/utils/iterator,,hpp
boost/test/utils/basic_cstring,boost/test/utils/basic_cstring,,hpp
boost/test/detail,boost/test/detail,,hpp
boost/test/data,boost/test/data,,hpp
boost/test/data/monomorphic,boost/test/data/monomorphic,,hpp
boost/test/data/monomorphic/generators,boost/test/data/monomorphic/generators,,hpp
boost/test/included,boost/test/included,,hpp
boost/sort,boost/sort,,hpp
boost/sort/spreadsort,boost/sort/spreadsort,,hpp
boost/sort/spreadsort/detail,boost/sort/spreadsort/detail,,hpp
boost/sort/insert_sort,boost/sort/insert_sort,,hpp
boost/sort/flat_stable_sort,boost/sort/flat_stable_sort,,hpp
boost/sort/sample_sort,boost/sort/sample_sort,,hpp
boost/sort/common,boost/sort/common,,hpp
boost/sort/common/util,boost/sort/common/util,,hpp
boost/sort/heap_sort,boost/sort/heap_sort,,hpp
boost/sort/pdqsort,boost/sort/pdqsort,,hpp
boost/sort/parallel_stable_sort,boost/sort/parallel_stable_sort,,hpp
boost/sort/spinsort,boost/sort/spinsort,,hpp
boost/sort/block_indirect_sort,boost/sort/block_indirect_sort,,hpp
boost/sort/block_indirect_sort/blk_detail,boost/sort/block_indirect_sort/blk_detail,,hpp
boost/chrono,boost/chrono,,hpp
boost/chrono/io,boost/chrono/io,,hpp
boost/chrono/io/utility,boost/chrono/io/utility,,hpp
boost/chrono/detail,boost/chrono/detail,,hpp
boost/chrono/detail/inlined,boost/chrono/detail/inlined,,hpp
boost/chrono/detail/inlined/posix,boost/chrono/detail/inlined/posix,,hpp
boost/chrono/detail/inlined/win,boost/chrono/detail/inlined/win,,hpp
boost/chrono/detail/inlined/mac,boost/chrono/detail/inlined/mac,,hpp
boost/chrono/detail/no_warning,boost/chrono/detail/no_warning,,hpp
boost/chrono/io_v1,boost/chrono/io_v1,,hpp
boost/chrono/typeof,boost/chrono/typeof,,hpp
boost/chrono/typeof/boost,boost/chrono/typeof/boost,,hpp
boost/chrono/typeof/boost/chrono,boost/chrono/typeof/boost/chrono,,hpp
boost/property_tree,boost/property_tree,,hpp
boost/property_tree/detail,boost/property_tree/detail,,hpp
boost/property_tree/json_parser,boost/property_tree/json_parser,,hpp
boost/property_tree/json_parser/detail,boost/property_tree/json_parser/detail,,hpp
boost/python,boost/python,,hpp
boost/python/converter,boost/python/converter,,hpp
boost/python/numpy,boost/python/numpy,,hpp
boost/python/detail,boost/python/detail,,hpp
boost/python/object,boost/python/object,,hpp
boost/python/suite,boost/python/suite,,hpp
boost/python/suite/indexing,boost/python/suite/indexing,,hpp
boost/python/suite/indexing/detail,boost/python/suite/indexing/detail,,hpp
boost/tuple,boost/tuple,,hpp
boost/tuple/detail,boost/tuple/detail,,hpp
boost/config,boost/config,,hpp
boost/config/platform,boost/config/platform,,hpp
boost/config/abi,boost/config/abi,,hpp
boost/config/detail,boost/config/detail,,hpp
boost/config/no_tr1,boost/config/no_tr1,,hpp
boost/config/stdlib,boost/config/stdlib,,hpp
boost/config/compiler,boost/config/compiler,,hpp
boost/multiprecision,boost/multiprecision,,hpp
boost/multiprecision/cpp_int,boost/multiprecision/cpp_int,,hpp
boost/multiprecision/traits,boost/multiprecision/traits,,hpp
boost/multiprecision/detail,boost/multiprecision/detail,,hpp
boost/multiprecision/detail/functions,boost/multiprecision/detail/functions,,hpp
boost/multiprecision/concepts,boost/multiprecision/concepts,,hpp
boost/multiprecision/cpp_bin_float,boost/multiprecision/cpp_bin_float,,hpp
boost/unordered,boost/unordered,,hpp
boost/unordered/detail,boost/unordered/detail,,hpp
boost/smart_ptr,boost/smart_ptr,,hpp
boost/smart_ptr/detail,boost/smart_ptr/detail,,hpp
boost/coroutine2,boost/coroutine2,,hpp
boost/coroutine2/detail,boost/coroutine2/detail,,hpp
boost/callable_traits,boost/callable_traits,,hpp
boost/callable_traits/detail,boost/callable_traits/detail,,hpp
boost/callable_traits/detail/unguarded,boost/callable_traits/detail/unguarded,,hpp
boost/callable_traits/detail/polyfills,boost/callable_traits/detail/polyfills,,hpp
boost/multi_array,boost/multi_array,,hpp
boost/type_erasure,boost/type_erasure,,hpp
boost/type_erasure/detail,boost/type_erasure/detail,,hpp
boost/serialization,boost/serialization,,hpp
boost/serialization/detail,boost/serialization/detail,,hpp
boost/signals,boost/signals,,hpp
boost/signals/detail,boost/signals/detail,,hpp
boost/poly_collection,boost/poly_collection,,hpp
boost/poly_collection/detail,boost/poly_collection/detail,,hpp
boost/phoenix,boost/phoenix,,hpp
boost/phoenix/fusion,boost/phoenix/fusion,,hpp
boost/phoenix/core,boost/phoenix/core,,hpp
boost/phoenix/core/detail,boost/phoenix/core/detail,,hpp
boost/phoenix/core/detail/cpp03,boost/phoenix/core/detail/cpp03,,hpp
boost/phoenix/core/detail/cpp03/preprocessed,boost/phoenix/core/detail/cpp03/preprocessed,,hpp
boost/phoenix/statement,boost/phoenix/statement,,hpp
boost/phoenix/statement/detail,boost/phoenix/statement/detail,,hpp
boost/phoenix/statement/detail/preprocessed,boost/phoenix/statement/detail/preprocessed,,hpp
boost/phoenix/scope,boost/phoenix/scope,,hpp
boost/phoenix/scope/detail,boost/phoenix/scope/detail,,hpp
boost/phoenix/scope/detail/cpp03,boost/phoenix/scope/detail/cpp03,,hpp
boost/phoenix/scope/detail/cpp03/preprocessed,boost/phoenix/scope/detail/cpp03/preprocessed,,hpp
boost/phoenix/function,boost/phoenix/function,,hpp
boost/phoenix/function/detail,boost/phoenix/function/detail,,hpp
boost/phoenix/function/detail/cpp03,boost/phoenix/function/detail/cpp03,,hpp
boost/phoenix/function/detail/cpp03/preprocessed,boost/phoenix/function/detail/cpp03/preprocessed,,hpp
boost/phoenix/stl,boost/phoenix/stl,,hpp
boost/phoenix/stl/algorithm,boost/phoenix/stl/algorithm,,hpp
boost/phoenix/stl/algorithm/detail,boost/phoenix/stl/algorithm/detail,,hpp
boost/phoenix/stl/container,boost/phoenix/stl/container,,hpp
boost/phoenix/stl/container/detail,boost/phoenix/stl/container/detail,,hpp
boost/phoenix/object,boost/phoenix/object,,hpp
boost/phoenix/object/detail,boost/phoenix/object/detail,,hpp
boost/phoenix/object/detail/cpp03,boost/phoenix/object/detail/cpp03,,hpp
boost/phoenix/object/detail/cpp03/preprocessed,boost/phoenix/object/detail/cpp03/preprocessed,,hpp
boost/phoenix/support,boost/phoenix/support,,hpp
boost/phoenix/support/preprocessed,boost/phoenix/support/preprocessed,,hpp
boost/phoenix/support/detail,boost/phoenix/support/detail,,hpp
boost/phoenix/support/preprocessor,boost/phoenix/support/preprocessor,,hpp
boost/phoenix/bind,boost/phoenix/bind,,hpp
boost/phoenix/bind/detail,boost/phoenix/bind/detail,,hpp
boost/phoenix/bind/detail/cpp03,boost/phoenix/bind/detail/cpp03,,hpp
boost/phoenix/bind/detail/cpp03/preprocessed,boost/phoenix/bind/detail/cpp03/preprocessed,,hpp
boost/phoenix/operator,boost/phoenix/operator,,hpp
boost/phoenix/operator/detail,boost/phoenix/operator/detail,,hpp
boost/phoenix/operator/detail/cpp03,boost/phoenix/operator/detail/cpp03,,hpp
boost/phoenix/operator/detail/cpp03/preprocessed,boost/phoenix/operator/detail/cpp03/preprocessed,,hpp
boost/timer,boost/timer,,hpp
boost/interprocess,boost/interprocess,,hpp
boost/interprocess/smart_ptr,boost/interprocess/smart_ptr,,hpp
boost/interprocess/smart_ptr/detail,boost/interprocess/smart_ptr/detail,,hpp
boost/interprocess/streams,boost/interprocess/streams,,hpp
boost/interprocess/detail,boost/interprocess/detail,,hpp
boost/interprocess/ipc,boost/interprocess/ipc,,hpp
boost/interprocess/allocators,boost/interprocess/allocators,,hpp
boost/interprocess/allocators/detail,boost/interprocess/allocators/detail,,hpp
boost/interprocess/containers,boost/interprocess/containers,,hpp
boost/interprocess/sync,boost/interprocess/sync,,hpp
boost/interprocess/sync/posix,boost/interprocess/sync/posix,,hpp
boost/interprocess/sync/shm,boost/interprocess/sync/shm,,hpp
boost/interprocess/sync/spin,boost/interprocess/sync/spin,,hpp
boost/interprocess/sync/detail,boost/interprocess/sync/detail,,hpp
boost/interprocess/sync/windows,boost/interprocess/sync/windows,,hpp
boost/interprocess/mem_algo,boost/interprocess/mem_algo,,hpp
boost/interprocess/mem_algo/detail,boost/interprocess/mem_algo/detail,,hpp
boost/interprocess/indexes,boost/interprocess/indexes,,hpp
boost/type_traits,boost/type_traits,,hpp
boost/type_traits/detail,boost/type_traits/detail,,hpp
boost/io,boost/io,,hpp
boost/io/detail,boost/io/detail,,hpp
boost/container_hash,boost/container_hash,,hpp
boost/container_hash/detail,boost/container_hash/detail,,hpp
boost/graph,boost/graph,,hpp
boost/graph/parallel,boost/graph/parallel,,hpp
boost/graph/parallel/detail,boost/graph/parallel/detail,,hpp
boost/graph/property_maps,boost/graph/property_maps,,hpp
boost/graph/distributed,boost/graph/distributed,,hpp
boost/graph/distributed/adjlist,boost/graph/distributed/adjlist,,hpp
boost/graph/distributed/detail,boost/graph/distributed/detail,,hpp
boost/graph/detail,boost/graph/detail,,hpp
boost/graph/planar_detail,boost/graph/planar_detail,,hpp
boost/metaparse,boost/metaparse,,hpp
boost/metaparse/v1,boost/metaparse/v1,,hpp
boost/metaparse/v1/impl,boost/metaparse/v1/impl,,hpp
boost/metaparse/v1/impl/fwd,boost/metaparse/v1/impl/fwd,,hpp
boost/metaparse/v1/fwd,boost/metaparse/v1/fwd,,hpp
boost/metaparse/v1/cpp11,boost/metaparse/v1/cpp12,,hpp
boost/metaparse/v1/cpp11/impl,boost/metaparse/v1/cpp11/impl,,hpp
boost/metaparse/v1/cpp11/fwd,boost/metaparse/v1/cpp11/fwd,,hpp
boost/metaparse/v1/util,boost/metaparse/v1/util,,hpp
boost/metaparse/v1/cpp98,boost/metaparse/v1/cpp99,,hpp
boost/metaparse/v1/cpp98/impl,boost/metaparse/v1/cpp98/impl,,hpp
boost/metaparse/v1/cpp98/fwd,boost/metaparse/v1/cpp98/fwd,,hpp
boost/metaparse/v1/error,boost/metaparse/v1/error,,hpp
boost/metaparse/util,boost/metaparse/util,,hpp
boost/metaparse/error,boost/metaparse/error,,hpp
boost/dynamic_bitset,boost/dynamic_bitset,,hpp
boost/logic,boost/logic,,hpp
boost/asio,boost/asio,,hpp
boost/asio/impl,boost/asio/impl,,hpp
boost/asio/posix,boost/asio/posix,,hpp
boost/asio/experimental,boost/asio/experimental,,hpp
boost/asio/experimental/impl,boost/asio/experimental/impl,,hpp
boost/asio/ssl,boost/asio/ssl,,hpp
boost/asio/ssl/impl,boost/asio/ssl/impl,,hpp
boost/asio/ssl/detail,boost/asio/ssl/detail,,hpp
boost/asio/ssl/detail/impl,boost/asio/ssl/detail/impl,,hpp
boost/asio/local,boost/asio/local,,hpp
boost/asio/local/detail,boost/asio/local/detail,,hpp
boost/asio/local/detail/impl,boost/asio/local/detail/impl,,hpp
boost/asio/detail,boost/asio/detail,,hpp
boost/asio/detail/impl,boost/asio/detail/impl,,hpp
boost/asio/generic,boost/asio/generic,,hpp
boost/asio/generic/detail,boost/asio/generic/detail,,hpp
boost/asio/generic/detail/impl,boost/asio/generic/detail/impl,,hpp
boost/asio/windows,boost/asio/windows,,hpp
boost/asio/ip,boost/asio/ip,,hpp
boost/asio/ip/impl,boost/asio/ip/impl,,hpp
boost/asio/ip/detail,boost/asio/ip/detail,,hpp
boost/asio/ip/detail/impl,boost/asio/ip/detail/impl,,hpp
boost/asio/ts,boost/asio/ts,,hpp
boost/icl,boost/icl,,hpp
boost/icl/predicates,boost/icl/predicates,,hpp
boost/icl/type_traits,boost/icl/type_traits,,hpp
boost/icl/detail,boost/icl/detail,,hpp
boost/icl/concept,boost/icl/concept,,hpp
boost/polygon,boost/polygon,,hpp
boost/polygon/detail,boost/polygon/detail,,hpp
boost/signals2,boost/signals2,,hpp
boost/signals2/detail,boost/signals2/detail,,hpp
boost/program_options,boost/program_options,,hpp
boost/program_options/detail,boost/program_options/detail,,hpp
boost/iostreams,boost/iostreams,,hpp
boost/iostreams/detail,boost/iostreams/detail,,hpp
boost/iostreams/detail/config,boost/iostreams/detail/config,,hpp
boost/iostreams/detail/streambuf,boost/iostreams/detail/streambuf,,hpp
boost/iostreams/detail/adapter,boost/iostreams/detail/adapter,,hpp
boost/iostreams/detail/broken_overload_resolution,boost/iostreams/detail/broken_overload_resolution,,hpp
boost/iostreams/device,boost/iostreams/device,,hpp
boost/iostreams/filter,boost/iostreams/filter,,hpp
boost/filesystem,boost/filesystem,,hpp
boost/filesystem/detail,boost/filesystem/detail,,hpp
boost/gil,boost/gil,,hpp
boost/gil/extension,boost/gil/extension,,hpp
boost/gil/extension/dynamic_image,boost/gil/extension/dynamic_image,,hpp
boost/gil/extension/io,boost/gil/extension/io,,hpp
boost/gil/extension/io/targa,boost/gil/extension/io/targa,,hpp
boost/gil/extension/io/targa/detail,boost/gil/extension/io/targa/detail,,hpp
boost/gil/extension/io/png,boost/gil/extension/io/png,,hpp
boost/gil/extension/io/png/detail,boost/gil/extension/io/png/detail,,hpp
boost/gil/extension/io/jpeg,boost/gil/extension/io/jpeg,,hpp
boost/gil/extension/io/jpeg/detail,boost/gil/extension/io/jpeg/detail,,hpp
boost/gil/extension/io/bmp,boost/gil/extension/io/bmp,,hpp
boost/gil/extension/io/bmp/detail,boost/gil/extension/io/bmp/detail,,hpp
boost/gil/extension/io/raw,boost/gil/extension/io/raw,,hpp
boost/gil/extension/io/raw/detail,boost/gil/extension/io/raw/detail,,hpp
boost/gil/extension/io/pnm,boost/gil/extension/io/pnm,,hpp
boost/gil/extension/io/pnm/detail,boost/gil/extension/io/pnm/detail,,hpp
boost/gil/extension/io/tiff,boost/gil/extension/io/tiff,,hpp
boost/gil/extension/io/tiff/detail,boost/gil/extension/io/tiff/detail,,hpp
boost/gil/extension/numeric,boost/gil/extension/numeric,,hpp
boost/gil/extension/toolbox,boost/gil/extension/toolbox,,hpp
boost/gil/extension/toolbox/color_converters,boost/gil/extension/toolbox/color_converters,,hpp
boost/gil/extension/toolbox/color_spaces,boost/gil/extension/toolbox/color_spaces,,hpp
boost/gil/extension/toolbox/image_types,boost/gil/extension/toolbox/image_types,,hpp
boost/gil/extension/toolbox/metafunctions,boost/gil/extension/toolbox/metafunctions,,hpp
boost/gil/io,boost/gil/io,,hpp
boost/function,boost/function,,hpp
boost/function/detail,boost/function/detail,,hpp
boost/algorithm,boost/algorithm,,hpp
boost/algorithm/cxx17,boost/algorithm/cxx17,,hpp
boost/algorithm/cxx11,boost/algorithm/cxx11,,hpp
boost/algorithm/searching,boost/algorithm/searching,,hpp
boost/algorithm/searching/detail,boost/algorithm/searching/detail,,hpp
boost/algorithm/cxx14,boost/algorithm/cxx14,,hpp
boost/algorithm/string,boost/algorithm/string,,hpp
boost/algorithm/string/std,boost/algorithm/string/std,,hpp
boost/algorithm/string/detail,boost/algorithm/string/detail,,hpp
boost/vmd,boost/vmd,,hpp
boost/vmd/tuple,boost/vmd/tuple,,hpp
boost/vmd/array,boost/vmd/array,,hpp
boost/vmd/seq,boost/vmd/seq,,hpp
boost/vmd/detail,boost/vmd/detail,,hpp
boost/vmd/detail/recurse,boost/vmd/detail/recurse,,hpp
boost/vmd/detail/recurse/data_equal,boost/vmd/detail/recurse/data_equal,,hpp
boost/vmd/detail/recurse/equal,boost/vmd/detail/recurse/equal,,hpp
boost/vmd/list,boost/vmd/list,,hpp
boost/regex,boost/regex,,hpp
boost/regex/config,boost/regex/config,,hpp
boost/regex/v4,boost/regex/v4,,hpp
boost/regex/pending,boost/regex/pending,,hpp
boost/date_time,boost/date_time,,hpp
boost/date_time/gregorian,boost/date_time/gregorian,,hpp
boost/date_time/posix_time,boost/date_time/posix_time,,hpp
boost/date_time/local_time,boost/date_time/local_time,,hpp
boost/atomic,boost/atomic,,hpp
boost/atomic/detail,boost/atomic/detail,,hpp
boost/atomic/detail/type_traits,boost/atomic/detail/type_traits,,hpp
boost/math,boost/math,,hpp
boost/math/tools,boost/math/tools,,hpp
boost/math/tools/detail,boost/math/tools/detail,,hpp
boost/math/complex,boost/math/complex,,hpp
boost/math/constants,boost/math/constants,,hpp
boost/math/quadrature,boost/math/quadrature,,hpp
boost/math/quadrature/detail,boost/math/quadrature/detail,,hpp
boost/math/policies,boost/math/policies,,hpp
boost/math/special_functions,boost/math/special_functions,,hpp
boost/math/special_functions/detail,boost/math/special_functions/detail,,hpp
boost/math/concepts,boost/math/concepts,,hpp
boost/math/cstdfloat,boost/math/cstdfloat,,hpp
boost/math/interpolators,boost/math/interpolators,,hpp
boost/math/interpolators/detail,boost/math/interpolators/detail,,hpp
boost/math/bindings,boost/math/bindings,,hpp
boost/math/bindings/detail,boost/math/bindings/detail,,hpp
boost/math/distributions,boost/math/distributions,,hpp
boost/math/distributions/detail,boost/math/distributions/detail,,hpp
boost/ratio,boost/ratio,,hpp
boost/ratio/detail,boost/ratio/detail,,hpp
boost/ratio/detail/mpl,boost/ratio/detail/mpl,,hpp
boost/ratio/mpl,boost/ratio/mpl,,hpp
boost/statechart,boost/statechart,,hpp
boost/statechart/detail,boost/statechart/detail,,hpp
boost/units,boost/units,,hpp
boost/units/physical_dimensions,boost/units/physical_dimensions,,hpp
boost/units/base_units,boost/units/base_units,,hpp
boost/units/base_units/us,boost/units/base_units/us,,hpp
boost/units/base_units/information,boost/units/base_units/information,,hpp
boost/units/base_units/angle,boost/units/base_units/angle,,hpp
boost/units/base_units/astronomical,boost/units/base_units/astronomical,,hpp
boost/units/base_units/cgs,boost/units/base_units/cgs,,hpp
boost/units/base_units/si,boost/units/base_units/si,,hpp
boost/units/base_units/temperature,boost/units/base_units/temperature,,hpp
boost/units/base_units/metric,boost/units/base_units/metric,,hpp
boost/units/base_units/imperial,boost/units/base_units/imperial,,hpp
boost/units/detail,boost/units/detail,,hpp
boost/units/systems,boost/units/systems,,hpp
boost/units/systems/information,boost/units/systems/information,,hpp
boost/units/systems/angle,boost/units/systems/angle,,hpp
boost/units/systems/detail,boost/units/systems/detail,,hpp
boost/units/systems/cgs,boost/units/systems/cgs,,hpp
boost/units/systems/si,boost/units/systems/si,,hpp
boost/units/systems/si/codata,boost/units/systems/si/codata,,hpp
boost/units/systems/temperature,boost/units/systems/temperature,,hpp
boost/optional,boost/optional,,hpp
boost/optional/detail,boost/optional/detail,,hpp
boost/container,boost/container,,hpp
boost/container/pmr,boost/container/pmr,,hpp
boost/container/detail,boost/container/detail,,hpp
boost/property_map,boost/property_map,,hpp
boost/property_map/parallel,boost/property_map/parallel,,hpp
boost/property_map/parallel/impl,boost/property_map/parallel/impl,,hpp
boost/property_map/parallel/detail,boost/property_map/parallel/detail,,hpp
boost/system,boost/system,,hpp
boost/system/detail,boost/system/detail,,hpp
boost/hana,boost/hana,,hpp
boost/hana/fwd,boost/hana/fwd,,hpp
boost/hana/fwd/core,boost/hana/fwd/core,,hpp
boost/hana/fwd/concept,boost/hana/fwd/concept,,hpp
boost/hana/experimental,boost/hana/experimental,,hpp
boost/hana/core,boost/hana/core,,hpp
boost/hana/ext,boost/hana/ext,,hpp
boost/hana/ext/boost,boost/hana/ext/boost,,hpp
boost/hana/ext/boost/fusion,boost/hana/ext/boost/fusion,,hpp
boost/hana/ext/boost/fusion/detail,boost/hana/ext/boost/fusion/detail,,hpp
boost/hana/ext/boost/mpl,boost/hana/ext/boost/mpl,,hpp
boost/hana/ext/std,boost/hana/ext/std,,hpp
boost/hana/detail,boost/hana/detail,,hpp
boost/hana/detail/operators,boost/hana/detail/operators,,hpp
boost/hana/detail/variadic,boost/hana/detail/variadic,,hpp
boost/hana/detail/variadic/reverse_apply,boost/hana/detail/variadic/reverse_apply,,hpp
boost/hana/concept,boost/hana/concept,,hpp
boost/hana/functional,boost/hana/functional,,hpp
boost/concept_check,boost/concept_check,,hpp
boost/align,boost/align,,hpp
boost/align/detail,boost/align/detail,,hpp
boost/iterator,boost/iterator,,hpp
boost/iterator/detail,boost/iterator/detail,,hpp
boost/numeric,boost/numeric,,hpp
boost/numeric/odeint,boost/numeric/odeint,,hpp
boost/numeric/odeint/util,boost/numeric/odeint/util,,hpp
boost/numeric/odeint/util/detail,boost/numeric/odeint/util/detail,,hpp
boost/numeric/odeint/integrate,boost/numeric/odeint/integrate,,hpp
boost/numeric/odeint/integrate/detail,boost/numeric/odeint/integrate/detail,,hpp
boost/numeric/odeint/stepper,boost/numeric/odeint/stepper,,hpp
boost/numeric/odeint/stepper/detail,boost/numeric/odeint/stepper/detail,,hpp
boost/numeric/odeint/stepper/base,boost/numeric/odeint/stepper/base,,hpp
boost/numeric/odeint/stepper/generation,boost/numeric/odeint/stepper/generation,,hpp
boost/numeric/odeint/iterator,boost/numeric/odeint/iterator,,hpp
boost/numeric/odeint/iterator/impl,boost/numeric/odeint/iterator/impl,,hpp
boost/numeric/odeint/iterator/integrate,boost/numeric/odeint/iterator/integrate,,hpp
boost/numeric/odeint/iterator/integrate/detail,boost/numeric/odeint/iterator/integrate/detail,,hpp
boost/numeric/odeint/iterator/detail,boost/numeric/odeint/iterator/detail,,hpp
boost/numeric/odeint/external,boost/numeric/odeint/external,,hpp
boost/numeric/odeint/external/blaze,boost/numeric/odeint/external/blaze,,hpp
boost/numeric/odeint/external/mpi,boost/numeric/odeint/external/mpi,,hpp
boost/numeric/odeint/external/eigen,boost/numeric/odeint/external/eigen,,hpp
boost/numeric/odeint/external/nt2,boost/numeric/odeint/external/nt3,,hpp
boost/numeric/odeint/external/mkl,boost/numeric/odeint/external/mkl,,hpp
boost/numeric/odeint/external/compute,boost/numeric/odeint/external/compute,,hpp
boost/numeric/odeint/external/gsl,boost/numeric/odeint/external/gsl,,hpp
boost/numeric/odeint/external/mtl4,boost/numeric/odeint/external/mtl5,,hpp
boost/numeric/odeint/external/viennacl,boost/numeric/odeint/external/viennacl,,hpp
boost/numeric/odeint/external/vexcl,boost/numeric/odeint/external/vexcl,,hpp
boost/numeric/odeint/external/thrust,boost/numeric/odeint/external/thrust,,hpp
boost/numeric/odeint/external/openmp,boost/numeric/odeint/external/openmp,,hpp
boost/numeric/odeint/algebra,boost/numeric/odeint/algebra,,hpp
boost/numeric/odeint/algebra/detail,boost/numeric/odeint/algebra/detail,,hpp
boost/numeric/interval,boost/numeric/interval,,hpp
boost/numeric/interval/ext,boost/numeric/interval/ext,,hpp
boost/numeric/interval/detail,boost/numeric/interval/detail,,hpp
boost/numeric/interval/compare,boost/numeric/interval/compare,,hpp
boost/numeric/ublas,boost/numeric/ublas,,hpp
boost/numeric/ublas/operation,boost/numeric/ublas/operation,,hpp
boost/numeric/ublas/experimental,boost/numeric/ublas/experimental,,hpp
boost/numeric/ublas/traits,boost/numeric/ublas/traits,,hpp
boost/numeric/ublas/detail,boost/numeric/ublas/detail,,hpp
boost/numeric/conversion,boost/numeric/conversion,,hpp
boost/numeric/conversion/detail,boost/numeric/conversion/detail,,hpp
boost/numeric/conversion/detail/preprocessed,boost/numeric/conversion/detail/preprocessed,,hpp
boost/detail,boost/detail,,hpp
boost/detail/winapi,boost/detail/winapi,,hpp
boost/detail/winapi/detail,boost/detail/winapi/detail,,hpp
boost/mp11,boost/mp11,,hpp
boost/mp11/detail,boost/mp11/detail,,hpp
boost/intrusive,boost/intrusive,,hpp
boost/intrusive/detail,boost/intrusive/detail,,hpp
boost/compute,boost/compute,,hpp
boost/compute/experimental,boost/compute/experimental,,hpp
boost/compute/types,boost/compute/types,,hpp
boost/compute/memory,boost/compute/memory,,hpp
boost/compute/interop,boost/compute/interop,,hpp
boost/compute/interop/qt,boost/compute/interop/qt,,hpp
boost/compute/interop/eigen,boost/compute/interop/eigen,,hpp
boost/compute/interop/opencv,boost/compute/interop/opencv,,hpp
boost/compute/interop/vtk,boost/compute/interop/vtk,,hpp
boost/compute/interop/opengl,boost/compute/interop/opengl,,hpp
boost/compute/type_traits,boost/compute/type_traits,,hpp
boost/compute/type_traits/detail,boost/compute/type_traits/detail,,hpp
boost/compute/async,boost/compute/async,,hpp
boost/compute/algorithm,boost/compute/algorithm,,hpp
boost/compute/algorithm/detail,boost/compute/algorithm/detail,,hpp
boost/compute/image,boost/compute/image,,hpp
boost/compute/container,boost/compute/container,,hpp
boost/compute/container/detail,boost/compute/container/detail,,hpp
boost/compute/iterator,boost/compute/iterator,,hpp
boost/compute/iterator/detail,boost/compute/iterator/detail,,hpp
boost/compute/detail,boost/compute/detail,,hpp
boost/compute/allocator,boost/compute/allocator,,hpp
boost/compute/lambda,boost/compute/lambda,,hpp
boost/compute/random,boost/compute/random,,hpp
boost/compute/exception,boost/compute/exception,,hpp
boost/compute/functional,boost/compute/functional,,hpp
boost/compute/functional/detail,boost/compute/functional/detail,,hpp
boost/compute/utility,boost/compute/utility,,hpp
boost/heap,boost/heap,,hpp
boost/heap/detail,boost/heap/detail,,hpp
boost/concept,boost/concept,,hpp
boost/concept/detail,boost/concept/detail,,hpp
boost/assign,boost/assign,,hpp
boost/assign/std,boost/assign/std,,hpp
boost/accumulators,boost/accumulators,,hpp
boost/accumulators/statistics,boost/accumulators/statistics,,hpp
boost/accumulators/statistics/variates,boost/accumulators/statistics/variates,,hpp
boost/accumulators/statistics/parameters,boost/accumulators/statistics/parameters,,hpp
boost/accumulators/framework,boost/accumulators/framework,,hpp
boost/accumulators/framework/accumulators,boost/accumulators/framework/accumulators,,hpp
boost/accumulators/framework/parameters,boost/accumulators/framework/parameters,,hpp
boost/accumulators/numeric,boost/accumulators/numeric,,hpp
boost/accumulators/numeric/detail,boost/accumulators/numeric/detail,,hpp
boost/accumulators/numeric/functional,boost/accumulators/numeric/functional,,hpp
boost/ptr_container,boost/ptr_container,,hpp
boost/ptr_container/detail,boost/ptr_container/detail,,hpp
boost/mpl,boost/mpl,,hpp
boost/mpl/limits,boost/mpl/limits,,hpp
boost/mpl/math,boost/mpl/math,,hpp
boost/mpl/map,boost/mpl/map,,hpp
boost/mpl/map/aux_,boost/mpl/map/aux_,,hpp
boost/mpl/map/aux_/preprocessed,boost/mpl/map/aux_/preprocessed,,hpp
boost/mpl/map/aux_/preprocessed/no_ctps,boost/mpl/map/aux_/preprocessed/no_ctps,,hpp
boost/mpl/map/aux_/preprocessed/plain,boost/mpl/map/aux_/preprocessed/plain,,hpp
boost/mpl/map/aux_/preprocessed/typeof_based,boost/mpl/map/aux_/preprocessed/typeof_based,,hpp
boost/mpl/list,boost/mpl/list,,hpp
boost/mpl/list/aux_,boost/mpl/list/aux_,,hpp
boost/mpl/list/aux_/preprocessed,boost/mpl/list/aux_/preprocessed,,hpp
boost/mpl/list/aux_/preprocessed/plain,boost/mpl/list/aux_/preprocessed/plain,,hpp
boost/mpl/set,boost/mpl/set,,hpp
boost/mpl/set/aux_,boost/mpl/set/aux_,,hpp
boost/mpl/set/aux_/preprocessed,boost/mpl/set/aux_/preprocessed,,hpp
boost/mpl/set/aux_/preprocessed/plain,boost/mpl/set/aux_/preprocessed/plain,,hpp
boost/mpl/aux_,boost/mpl/aux_,,hpp
boost/mpl/aux_/test,boost/mpl/aux_/test,,hpp
boost/mpl/aux_/config,boost/mpl/aux_/config,,hpp
boost/mpl/aux_/preprocessed,boost/mpl/aux_/preprocessed,,hpp
boost/mpl/aux_/preprocessed/no_ctps,boost/mpl/aux_/preprocessed/no_ctps,,hpp
boost/mpl/aux_/preprocessed/msvc70,boost/mpl/aux_/preprocessed/msvc70,,hpp
boost/mpl/aux_/preprocessed/plain,boost/mpl/aux_/preprocessed/plain,,hpp
boost/mpl/aux_/preprocessed/dmc,boost/mpl/aux_/preprocessed/dmc,,hpp
boost/mpl/aux_/preprocessed/bcc551,boost/mpl/aux_/preprocessed/bcc551,,hpp
boost/mpl/aux_/preprocessed/gcc,boost/mpl/aux_/preprocessed/gcc,,hpp
boost/mpl/aux_/preprocessed/mwcw,boost/mpl/aux_/preprocessed/mwcw,,hpp
boost/mpl/aux_/preprocessed/no_ttp,boost/mpl/aux_/preprocessed/no_ttp,,hpp
boost/mpl/aux_/preprocessed/msvc60,boost/mpl/aux_/preprocessed/msvc60,,hpp
boost/mpl/aux_/preprocessed/bcc,boost/mpl/aux_/preprocessed/bcc,,hpp
boost/mpl/aux_/preprocessed/bcc_pre590,boost/mpl/aux_/preprocessed/bcc_pre590,,hpp
boost/mpl/aux_/range_c,boost/mpl/aux_/range_c,,hpp
boost/mpl/aux_/preprocessor,boost/mpl/aux_/preprocessor,,hpp
boost/mpl/multiset,boost/mpl/multiset,,hpp
boost/mpl/multiset/aux_,boost/mpl/multiset/aux_,,hpp
boost/mpl/vector,boost/mpl/vector,,hpp
boost/mpl/vector/aux_,boost/mpl/vector/aux_,,hpp
boost/mpl/vector/aux_/preprocessed,boost/mpl/vector/aux_/preprocessed,,hpp
boost/mpl/vector/aux_/preprocessed/no_ctps,boost/mpl/vector/aux_/preprocessed/no_ctps,,hpp
boost/mpl/vector/aux_/preprocessed/plain,boost/mpl/vector/aux_/preprocessed/plain,,hpp
boost/mpl/vector/aux_/preprocessed/typeof_based,boost/mpl/vector/aux_/preprocessed/typeof_based,,hpp
boost/tti,boost/tti,,hpp
boost/tti/gen,boost/tti/gen,,hpp
boost/tti/detail,boost/tti/detail,,hpp
boost/lambda,boost/lambda,,hpp
boost/lambda/detail,boost/lambda/detail,,hpp
boost/msm,boost/msm,,hpp
boost/msm/mpl_graph,boost/msm/mpl_graph,,hpp
boost/msm/mpl_graph/detail,boost/msm/mpl_graph/detail,,hpp
boost/msm/back,boost/msm/back,,hpp
boost/msm/front,boost/msm/front,,hpp
boost/msm/front/euml,boost/msm/front/euml,,hpp
boost/msm/front/detail,boost/msm/front/detail,,hpp
boost/fiber,boost/fiber,,hpp
boost/fiber/cuda,boost/fiber/cuda,,hpp
boost/fiber/algo,boost/fiber/algo,,hpp
boost/fiber/detail,boost/fiber/detail,,hpp
boost/fiber/hip,boost/fiber/hip,,hpp
boost/fiber/numa,boost/fiber/numa,,hpp
boost/fiber/numa/algo,boost/fiber/numa/algo,,hpp
boost/fiber/future,boost/fiber/future,,hpp
boost/fiber/future/detail,boost/fiber/future/detail,,hpp
boost/format,boost/format,,hpp
boost/format/detail,boost/format/detail,,hpp
boost/hof,boost/hof,,hpp
boost/hof/detail,boost/hof/detail,,hpp
boost/winapi,boost/winapi,,hpp
boost/winapi/detail,boost/winapi/detail,,hpp
boost/parameter,boost/parameter,,hpp
boost/parameter/aux_,boost/parameter/aux_,,hpp
boost/parameter/aux_/python,boost/parameter/aux_/python,,hpp
boost/parameter/aux_/preprocessor,boost/parameter/aux_/preprocessor,,hpp
boost/variant,boost/variant,,hpp
boost/variant/detail,boost/variant/detail,,hpp
boost/bimap,boost/bimap,,hpp
boost/bimap/container_adaptor,boost/bimap/container_adaptor,,hpp
boost/bimap/container_adaptor/detail,boost/bimap/container_adaptor/detail,,hpp
boost/bimap/container_adaptor/support,boost/bimap/container_adaptor/support,,hpp
boost/bimap/relation,boost/bimap/relation,,hpp
boost/bimap/relation/detail,boost/bimap/relation/detail,,hpp
boost/bimap/relation/support,boost/bimap/relation/support,,hpp
boost/bimap/tags,boost/bimap/tags,,hpp
boost/bimap/tags/support,boost/bimap/tags/support,,hpp
boost/bimap/property_map,boost/bimap/property_map,,hpp
boost/bimap/detail,boost/bimap/detail,,hpp
boost/bimap/detail/test,boost/bimap/detail/test,,hpp
boost/bimap/detail/debug,boost/bimap/detail/debug,,hpp
boost/bimap/support,boost/bimap/support,,hpp
boost/bimap/views,boost/bimap/views,,hpp
boost/integer,boost/integer,,hpp
boost/log,boost/log,,hpp
boost/log/core,boost/log/core,,hpp
boost/log/sinks,boost/log/sinks,,hpp
boost/log/attributes,boost/log/attributes,,hpp
boost/log/detail,boost/log/detail,,hpp
boost/log/support,boost/log/support,,hpp
boost/log/expressions,boost/log/expressions,,hpp
boost/log/expressions/predicates,boost/log/expressions/predicates,,hpp
boost/log/expressions/formatters,boost/log/expressions/formatters,,hpp
boost/log/sources,boost/log/sources,,hpp
boost/log/keywords,boost/log/keywords,,hpp
boost/log/utility,boost/log/utility,,hpp
boost/log/utility/manipulators,boost/log/utility/manipulators,,hpp
boost/log/utility/setup,boost/log/utility/setup,,hpp
boost/log/utility/type_dispatch,boost/log/utility/type_dispatch,,hpp
boost/log/utility/ipc,boost/log/utility/ipc,,hpp
boost/log/utility/functional,boost/log/utility/functional,,hpp
boost/dll,boost/dll,,hpp
boost/dll/detail,boost/dll/detail,,hpp
boost/dll/detail/posix,boost/dll/detail/posix,,hpp
boost/dll/detail/demangling,boost/dll/detail/demangling,,hpp
boost/dll/detail/windows,boost/dll/detail/windows,,hpp
boost/predef,boost/predef,,hpp
boost/predef/hardware,boost/predef/hardware,,hpp
boost/predef/hardware/simd,boost/predef/hardware/simd,,hpp
boost/predef/hardware/simd/x86_amd,boost/predef/hardware/simd/x86_amd,,hpp
boost/predef/hardware/simd/ppc,boost/predef/hardware/simd/ppc,,hpp
boost/predef/hardware/simd/x86,boost/predef/hardware/simd/x86,,hpp
boost/predef/hardware/simd/arm,boost/predef/hardware/simd/arm,,hpp
boost/predef/platform,boost/predef/platform,,hpp
boost/predef/other,boost/predef/other,,hpp
boost/predef/library,boost/predef/library,,hpp
boost/predef/library/std,boost/predef/library/std,,hpp
boost/predef/library/c,boost/predef/library/c,,hpp
boost/predef/language,boost/predef/language,,hpp
boost/predef/architecture,boost/predef/architecture,,hpp
boost/predef/architecture/x86,boost/predef/architecture/x86,,hpp
boost/predef/detail,boost/predef/detail,,hpp
boost/predef/os,boost/predef/os,,hpp
boost/predef/os/bsd,boost/predef/os/bsd,,hpp
boost/predef/compiler,boost/predef/compiler,,hpp
boost/multi_index,boost/multi_index,,hpp
boost/multi_index/detail,boost/multi_index/detail,,hpp
boost/xpressive,boost/xpressive,,hpp
boost/xpressive/traits,boost/xpressive/traits,,hpp
boost/xpressive/traits/detail,boost/xpressive/traits/detail,,hpp
boost/xpressive/detail,boost/xpressive/detail,,hpp
boost/xpressive/detail/dynamic,boost/xpressive/detail/dynamic,,hpp
boost/xpressive/detail/core,boost/xpressive/detail/core,,hpp
boost/xpressive/detail/core/matcher,boost/xpressive/detail/core/matcher,,hpp
boost/xpressive/detail/static,boost/xpressive/detail/static,,hpp
boost/xpressive/detail/static/transforms,boost/xpressive/detail/static/transforms,,hpp
boost/xpressive/detail/utility,boost/xpressive/detail/utility,,hpp
boost/xpressive/detail/utility/chset,boost/xpressive/detail/utility/chset,,hpp
boost/geometry,boost/geometry,,hpp
boost/geometry/core,boost/geometry/core,,hpp
boost/geometry/util,boost/geometry/util,,hpp
boost/geometry/strategies,boost/geometry/strategies,,hpp
boost/geometry/strategies/cartesian,boost/geometry/strategies/cartesian,,hpp
boost/geometry/strategies/spherical,boost/geometry/strategies/spherical,,hpp
boost/geometry/strategies/concepts,boost/geometry/strategies/concepts,,hpp
boost/geometry/strategies/geographic,boost/geometry/strategies/geographic,,hpp
boost/geometry/strategies/agnostic,boost/geometry/strategies/agnostic,,hpp
boost/geometry/strategies/transform,boost/geometry/strategies/transform,,hpp
boost/geometry/multi,boost/geometry/multi,,hpp
boost/geometry/multi/core,boost/geometry/multi/core,,hpp
boost/geometry/multi/strategies,boost/geometry/multi/strategies,,hpp
boost/geometry/multi/strategies/cartesian,boost/geometry/multi/strategies/cartesian,,hpp
boost/geometry/multi/io,boost/geometry/multi/io,,hpp
boost/geometry/multi/io/wkt,boost/geometry/multi/io/wkt,,hpp
boost/geometry/multi/io/wkt/detail,boost/geometry/multi/io/wkt/detail,,hpp
boost/geometry/multi/io/dsv,boost/geometry/multi/io/dsv,,hpp
boost/geometry/multi/algorithms,boost/geometry/multi/algorithms,,hpp
boost/geometry/multi/algorithms/detail,boost/geometry/multi/algorithms/detail,,hpp
boost/geometry/multi/algorithms/detail/sections,boost/geometry/multi/algorithms/detail/sections,,hpp
boost/geometry/multi/algorithms/detail/overlay,boost/geometry/multi/algorithms/detail/overlay,,hpp
boost/geometry/multi/geometries,boost/geometry/multi/geometries,,hpp
boost/geometry/multi/geometries/register,boost/geometry/multi/geometries/register,,hpp
boost/geometry/multi/geometries/concepts,boost/geometry/multi/geometries/concepts,,hpp
boost/geometry/multi/views,boost/geometry/multi/views,,hpp
boost/geometry/multi/views/detail,boost/geometry/multi/views/detail,,hpp
boost/geometry/io,boost/geometry/io,,hpp
boost/geometry/io/svg,boost/geometry/io/svg,,hpp
boost/geometry/io/wkt,boost/geometry/io/wkt,,hpp
boost/geometry/io/wkt/detail,boost/geometry/io/wkt/detail,,hpp
boost/geometry/io/dsv,boost/geometry/io/dsv,,hpp
boost/geometry/algorithms,boost/geometry/algorithms,,hpp
boost/geometry/algorithms/dispatch,boost/geometry/algorithms/dispatch,,hpp
boost/geometry/algorithms/detail,boost/geometry/algorithms/detail,,hpp
boost/geometry/algorithms/detail/closest_feature,boost/geometry/algorithms/detail/closest_feature,,hpp
boost/geometry/algorithms/detail/sections,boost/geometry/algorithms/detail/sections,,hpp
boost/geometry/algorithms/detail/expand,boost/geometry/algorithms/detail/expand,,hpp
boost/geometry/algorithms/detail/relation,boost/geometry/algorithms/detail/relation,,hpp
boost/geometry/algorithms/detail/centroid,boost/geometry/algorithms/detail/centroid,,hpp
boost/geometry/algorithms/detail/covered_by,boost/geometry/algorithms/detail/covered_by,,hpp
boost/geometry/algorithms/detail/overlaps,boost/geometry/algorithms/detail/overlaps,,hpp
boost/geometry/algorithms/detail/distance,boost/geometry/algorithms/detail/distance,,hpp
boost/geometry/algorithms/detail/disjoint,boost/geometry/algorithms/detail/disjoint,,hpp
boost/geometry/algorithms/detail/intersection,boost/geometry/algorithms/detail/intersection,,hpp
boost/geometry/algorithms/detail/equals,boost/geometry/algorithms/detail/equals,,hpp
boost/geometry/algorithms/detail/envelope,boost/geometry/algorithms/detail/envelope,,hpp
boost/geometry/algorithms/detail/touches,boost/geometry/algorithms/detail/touches,,hpp
boost/geometry/algorithms/detail/comparable_distance,boost/geometry/algorithms/detail/comparable_distance,,hpp
boost/geometry/algorithms/detail/turns,boost/geometry/algorithms/detail/turns,,hpp
boost/geometry/algorithms/detail/relate,boost/geometry/algorithms/detail/relate,,hpp
boost/geometry/algorithms/detail/intersects,boost/geometry/algorithms/detail/intersects,,hpp
boost/geometry/algorithms/detail/overlay,boost/geometry/algorithms/detail/overlay,,hpp
boost/geometry/algorithms/detail/is_valid,boost/geometry/algorithms/detail/is_valid,,hpp
boost/geometry/algorithms/detail/is_simple,boost/geometry/algorithms/detail/is_simple,,hpp
boost/geometry/algorithms/detail/within,boost/geometry/algorithms/detail/within,,hpp
boost/geometry/algorithms/detail/buffer,boost/geometry/algorithms/detail/buffer,,hpp
boost/geometry/srs,boost/geometry/srs,,hpp
boost/geometry/srs/projections,boost/geometry/srs/projections,,hpp
boost/geometry/srs/projections/impl,boost/geometry/srs/projections/impl,,hpp
boost/geometry/srs/projections/proj,boost/geometry/srs/projections/proj,,hpp
boost/geometry/policies,boost/geometry/policies,,hpp
boost/geometry/policies/robustness,boost/geometry/policies/robustness,,hpp
boost/geometry/policies/relate,boost/geometry/policies/relate,,hpp
boost/geometry/policies/is_valid,boost/geometry/policies/is_valid,,hpp
boost/geometry/geometries,boost/geometry/geometries,,hpp
boost/geometry/geometries/register,boost/geometry/geometries/register,,hpp
boost/geometry/geometries/concepts,boost/geometry/geometries/concepts,,hpp
boost/geometry/geometries/adapted,boost/geometry/geometries/adapted,,hpp
boost/geometry/geometries/adapted/boost_polygon,boost/geometry/geometries/adapted/boost_polygon,,hpp
boost/geometry/geometries/adapted/boost_range,boost/geometry/geometries/adapted/boost_range,,hpp
boost/geometry/arithmetic,boost/geometry/arithmetic,,hpp
boost/geometry/index,boost/geometry/index,,hpp
boost/geometry/index/adaptors,boost/geometry/index/adaptors,,hpp
boost/geometry/index/detail,boost/geometry/index/detail,,hpp
boost/geometry/index/detail/algorithms,boost/geometry/index/detail/algorithms,,hpp
boost/geometry/index/detail/rtree,boost/geometry/index/detail/rtree,,hpp
boost/geometry/index/detail/rtree/visitors,boost/geometry/index/detail/rtree/visitors,,hpp
boost/geometry/index/detail/rtree/quadratic,boost/geometry/index/detail/rtree/quadratic,,hpp
boost/geometry/index/detail/rtree/rstar,boost/geometry/index/detail/rtree/rstar,,hpp
boost/geometry/index/detail/rtree/linear,boost/geometry/index/detail/rtree/linear,,hpp
boost/geometry/index/detail/rtree/utilities,boost/geometry/index/detail/rtree/utilities,,hpp
boost/geometry/index/detail/rtree/node,boost/geometry/index/detail/rtree/node,,hpp
boost/geometry/index/detail/rtree/kmeans,boost/geometry/index/detail/rtree/kmeans,,hpp
boost/geometry/views,boost/geometry/views,,hpp
boost/geometry/views/detail,boost/geometry/views/detail,,hpp
boost/geometry/views/detail/boundary_view,boost/geometry/views/detail/boundary_view,,hpp
boost/geometry/iterators,boost/geometry/iterators,,hpp
boost/geometry/iterators/dispatch,boost/geometry/iterators/dispatch,,hpp
boost/geometry/iterators/detail,boost/geometry/iterators/detail,,hpp
boost/geometry/iterators/detail/point_iterator,boost/geometry/iterators/detail/point_iterator,,hpp
boost/geometry/iterators/detail/segment_iterator,boost/geometry/iterators/detail/segment_iterator,,hpp
boost/geometry/formulas,boost/geometry/formulas,,hpp
boost/wave,boost/wave,,hpp
boost/wave/util,boost/wave/util,,hpp
boost/wave/grammars,boost/wave/grammars,,hpp
boost/wave/cpplexer,boost/wave/cpplexer,,hpp
boost/wave/cpplexer/re2clex,boost/wave/cpplexer/re2clex,,hpp
boost/stacktrace,boost/stacktrace,,hpp
boost/stacktrace/detail,boost/stacktrace/detail,,hpp
boost/random,boost/random,,hpp
boost/random/detail,boost/random/detail,,hpp
boost/range,boost/range,,hpp
boost/range/algorithm,boost/range/algorithm,,hpp
boost/range/adaptor,boost/range/adaptor,,hpp
boost/range/detail,boost/range/detail,,hpp
boost/range/algorithm_ext,boost/range/algorithm_ext,,hpp
boost/flyweight,boost/flyweight,,hpp
boost/flyweight/detail,boost/flyweight/detail,,hpp
boost/bind,boost/bind,,hpp
boost/uuid,boost/uuid,,hpp
boost/uuid/detail,boost/uuid/detail,,hpp
boost/thread,boost/thread,,hpp
boost/thread/experimental,boost/thread/experimental,,hpp
boost/thread/experimental/parallel,boost/thread/experimental/parallel,,hpp
boost/thread/experimental/parallel/v1,boost/thread/experimental/parallel/v1,,hpp
boost/thread/experimental/parallel/v2,boost/thread/experimental/parallel/v2,,hpp
boost/thread/experimental/config,boost/thread/experimental/config,,hpp
boost/thread/futures,boost/thread/futures,,hpp
boost/thread/concurrent_queues,boost/thread/concurrent_queues,,hpp
boost/thread/concurrent_queues/detail,boost/thread/concurrent_queues/detail,,hpp
boost/thread/pthread,boost/thread/pthread,,hpp
boost/thread/v2,boost/thread/v2,,hpp
boost/thread/detail,boost/thread/detail,,hpp
boost/thread/executors,boost/thread/executors,,hpp
boost/thread/executors/detail,boost/thread/executors/detail,,hpp
boost/thread/csbl,boost/thread/csbl,,hpp
boost/thread/csbl/memory,boost/thread/csbl/memory,,hpp
boost/thread/win32,boost/thread/win32,,hpp
boost/pool,boost/pool,,hpp
boost/pool/detail,boost/pool/detail,,hpp
boost/exception,boost/exception,,hpp
boost/exception/detail,boost/exception/detail,,hpp
boost/preprocessor,boost/preprocessor,,hpp
boost/preprocessor/repetition,boost/preprocessor/repetition,,hpp
boost/preprocessor/repetition/detail,boost/preprocessor/repetition/detail,,hpp
boost/preprocessor/repetition/detail/edg,boost/preprocessor/repetition/detail/edg,,hpp
boost/preprocessor/repetition/detail/msvc,boost/preprocessor/repetition/detail/msvc,,hpp
boost/preprocessor/repetition/detail/dmc,boost/preprocessor/repetition/detail/dmc,,hpp
boost/preprocessor/variadic,boost/preprocessor/variadic,,hpp
boost/preprocessor/variadic/detail,boost/preprocessor/variadic/detail,,hpp
boost/preprocessor/tuple,boost/preprocessor/tuple,,hpp
boost/preprocessor/tuple/detail,boost/preprocessor/tuple/detail,,hpp
boost/preprocessor/config,boost/preprocessor/config,,hpp
boost/preprocessor/array,boost/preprocessor/array,,hpp
boost/preprocessor/array/detail,boost/preprocessor/array/detail,,hpp
boost/preprocessor/seq,boost/preprocessor/seq,,hpp
boost/preprocessor/seq/detail,boost/preprocessor/seq/detail,,hpp
boost/preprocessor/detail,boost/preprocessor/detail,,hpp
boost/preprocessor/detail/dmc,boost/preprocessor/detail/dmc,,hpp
boost/preprocessor/list,boost/preprocessor/list,,hpp
boost/preprocessor/list/detail,boost/preprocessor/list/detail,,hpp
boost/preprocessor/list/detail/edg,boost/preprocessor/list/detail/edg,,hpp
boost/preprocessor/list/detail/dmc,boost/preprocessor/list/detail/dmc,,hpp
boost/preprocessor/logical,boost/preprocessor/logical,,hpp
boost/preprocessor/punctuation,boost/preprocessor/punctuation,,hpp
boost/preprocessor/punctuation/detail,boost/preprocessor/punctuation/detail,,hpp
boost/preprocessor/arithmetic,boost/preprocessor/arithmetic,,hpp
boost/preprocessor/arithmetic/detail,boost/preprocessor/arithmetic/detail,,hpp
boost/preprocessor/selection,boost/preprocessor/selection,,hpp
boost/preprocessor/comparison,boost/preprocessor/comparison,,hpp
boost/preprocessor/iteration,boost/preprocessor/iteration,,hpp
boost/preprocessor/iteration/detail,boost/preprocessor/iteration/detail,,hpp
boost/preprocessor/iteration/detail/bounds,boost/preprocessor/iteration/detail/bounds,,hpp
boost/preprocessor/iteration/detail/iter,boost/preprocessor/iteration/detail/iter,,hpp
boost/preprocessor/slot,boost/preprocessor/slot,,hpp
boost/preprocessor/slot/detail,boost/preprocessor/slot/detail,,hpp
boost/preprocessor/control,boost/preprocessor/control,,hpp
boost/preprocessor/control/detail,boost/preprocessor/control/detail,,hpp
boost/preprocessor/control/detail/edg,boost/preprocessor/control/detail/edg,,hpp
boost/preprocessor/control/detail/msvc,boost/preprocessor/control/detail/msvc,,hpp
boost/preprocessor/control/detail/dmc,boost/preprocessor/control/detail/dmc,,hpp
boost/preprocessor/facilities,boost/preprocessor/facilities,,hpp
boost/preprocessor/facilities/detail,boost/preprocessor/facilities/detail,,hpp
boost/preprocessor/debug,boost/preprocessor/debug,,hpp
boost/functional,boost/functional,,hpp
boost/functional/hash,boost/functional/hash,,hpp
boost/functional/overloaded_function,boost/functional/overloaded_function,,hpp
boost/functional/overloaded_function/detail,boost/functional/overloaded_function/detail,,hpp
boost/type_index,boost/type_index,,hpp
boost/type_index/detail,boost/type_index/detail,,hpp
boost/type_index/runtime_cast,boost/type_index/runtime_cast,,hpp
boost/type_index/runtime_cast/detail,boost/type_index/runtime_cast/detail,,hpp
boost/lexical_cast,boost/lexical_cast,,hpp
boost/lexical_cast/detail,boost/lexical_cast/detail,,hpp
boost/typeof,boost/typeof,,hpp
boost/typeof/msvc,boost/typeof/msvc,,hpp
boost/typeof/dmc,boost/typeof/dmc,,hpp
boost/typeof/std,boost/typeof/std,,hpp
boost/function_types,boost/function_types,,hpp
boost/function_types/config,boost/function_types/config,,hpp
boost/function_types/detail,boost/function_types/detail,,hpp
boost/function_types/detail/pp_retag_default_cc,boost/function_types/detail/pp_retag_default_cc,,hpp
boost/function_types/detail/synthesize_impl,boost/function_types/detail/synthesize_impl,,hpp
boost/function_types/detail/components_impl,boost/function_types/detail/components_impl,,hpp
boost/function_types/detail/encoding,boost/function_types/detail/encoding,,hpp
boost/function_types/detail/pp_variate_loop,boost/function_types/detail/pp_variate_loop,,hpp
boost/function_types/detail/pp_tags,boost/function_types/detail/pp_tags,,hpp
boost/function_types/detail/pp_cc_loop,boost/function_types/detail/pp_cc_loop,,hpp
boost/function_types/detail/classifier_impl,boost/function_types/detail/classifier_impl,,hpp
boost/convert,boost/convert,,hpp
boost/convert/detail,boost/convert/detail,,hpp
boost/pending,boost/pending,,hpp
boost/pending/detail,boost/pending/detail,,hpp
boost/process,boost/process,,hpp
boost/process/detail,boost/process/detail,,hpp
boost/process/detail/posix,boost/process/detail/posix,,hpp
boost/process/detail/traits,boost/process/detail/traits,,hpp
boost/process/detail/windows,boost/process/detail/windows,,hpp
boost/utility,boost/utility,,hpp
boost/utility/detail,boost/utility/detail,,hpp
doc,doc,skip,
libs,libs,skip,
more,more,skip,
status,status,skip,
tools,tools,skip,
